id,nom
BAMBI_K,Pelote Bambi - Katia - 100% Polyester
ZPAGETTI_H,Pelote Zpagetti - Fil T Shirt - Hoooked - 700G
VELVET_DMC,Pelote Velvet - DMC - 100% Polyester
50408D,Epingles N°2 Par 10
84399,Épingles sureté Bébé Inox Blister 4
ECO_VITA3_MULT_DMC,Pelote Eco Vita 3Mm - Multicolor - 100G - Dmc
TB248,Kit à Broder - Tulipes Romantiques - Ac Tambour - Dmc
TB249,Kit de Broderie - Coquelicots Romantiques - Ac Tambour - DMC
ECO_VITA4_DMC,Pelote Eco Vita 4 - Dmc - 250G
KNITTY_6_DMC,Pelote Knitty 6 - Acrylique - 100G - Dmc
CAPRI_K,Pelote Coton Capri - Katia
KNITTY_4_DMC,Pelote Laine Knitty 4 - 100% Acrylique - 50G- Dmc
460008,Velcro Adhesif - 50mm
KNITTY_10_DMC,Pelote Laine Knitty 10 - Acrylique - 100G - DMC
BABY_MERINO_DMC,Pelote 100% Baby Merino - DMC
LAPONIE,Pelote Laponie - Cheval Blanc
260037_S,Ruban Satin - 25mm
SUNNY_CB,Pelote Coton  Sunny - Cheval Blanc - 50g
NATURA_DMC,Pelote Natura Just Coton - 100% Coton - 50G - DMC
AZURITE_TRIMITS,Pelote Azurite - 100%Acrylique - 50G
ECO_VITA4_XMAS_DMC,Pelote Eco Vita 4 - métalisée - DMC
65502,Colle Bohin
MOULINE_DMC,Fil Mouliné - DMC
U1965,Trousse 5 Crochets De 3 À 8mm- DMC
CR145K,Kit Amigurumi Chenille - Koala Tout Doux - DMC
PAK337,Kit Amigurumi - Wicked Witch - Hoooked
NE081,Crochet Alu - 6 Mm - Hoooked
CR131K,Kit Amigurumi - Poisson Clown - DMC
CR132K,Kit Amigurumi - Tortue De Mer - Dmc
PAK335,Kit Amigurumi - Pumpkin Boy - Hoooked
